model_id,dataset_key,paper_macro_f1,our_macro_f1,diff,abs_diff,n,verdict
sentence-transformers/all-MiniLM-L6-v2,btzsc_rottentomatoes,0.3378,0.659,0.3212,0.3212,1066,расхождение
sentence-transformers/all-MiniLM-L6-v2,btzsc_emotiondair,0.111,0.3483,0.2373,0.2373,2000,расхождение
sentence-transformers/all-MiniLM-L6-v2,btzsc_financialphrasebank,0.312,0.5048,0.1928,0.1928,690,расхождение
intfloat/e5-base-v2,btzsc_rottentomatoes,0.8368,0.7773,-0.0595,0.0595,1066,на границе
intfloat/e5-large-v2,btzsc_rottentomatoes,0.8546,0.8376,-0.017,0.017,1066,совпало
BAAI/bge-large-en-v1.5,btzsc_emotiondair,0.4404,0.456,0.0156,0.0156,2000,совпало
intfloat/e5-base-v2,btzsc_financialphrasebank,0.4633,0.4783,0.015,0.015,690,совпало
intfloat/e5-large-v2,btzsc_financialphrasebank,0.521,0.5082,-0.0128,0.0128,690,совпало
intfloat/e5-large-v2,btzsc_emotiondair,0.4406,0.4507,0.0101,0.0101,2000,совпало
intfloat/e5-base-v2,btzsc_emotiondair,0.4324,0.4401,0.0077,0.0077,2000,совпало
BAAI/bge-base-en-v1.5,btzsc_emotiondair,0.4259,0.4286,0.0027,0.0027,2000,совпало
BAAI/bge-base-en-v1.5,btzsc_rottentomatoes,0.814,0.814,0.0,0.0,1066,совпало
BAAI/bge-base-en-v1.5,btzsc_financialphrasebank,0.4314,0.4314,-0.0,0.0,690,совпало
BAAI/bge-large-en-v1.5,btzsc_rottentomatoes,0.8233,0.8233,0.0,0.0,1066,совпало
BAAI/bge-large-en-v1.5,btzsc_financialphrasebank,0.4634,0.4634,-0.0,0.0,690,совпало
