test,model_id,dataset_key,run_key,macro_f1,accuracy,macro_precision,macro_recall,n,n_classes,gold_class_coverage,pred_class_coverage,n_samples_reported,ms_per_example,peak_vram_mb,timestamp
block_a,BAAI/bge-base-en-v1.5,btzsc_agnews,f7e9b5d92eee984c,0.6413042478423869,0.66,0.6851142278773857,0.6599999999999999,300,4,1.0,1.0,300,7.31,604.2,2026-10-02T21:34:50
block_a,BAAI/bge-base-en-v1.5,btzsc_banking77,81b4cf428e5828e6,0.6676755931690143,0.7033333333333334,0.7140677609427608,0.6979166666666666,300,72,1.0,0.8888888888888888,300,6.57,964.5,2026-10-02T21:35:10
block_a,BAAI/bge-base-en-v1.5,btzsc_emotiondair,3ebe162ed32069e7,0.47394482468801624,0.49333333333333335,0.5521968447407043,0.49333333333333335,300,6,1.0,1.0,300,3.98,964.5,2026-10-02T21:35:06
baseline,BAAI/bge-base-en-v1.5,btzsc_emotiondair,be67d8f4917e1fc2,0.4285802089298627,0.5265,0.4921953457526804,0.47450869283789016,2000,6,1.0,1.0,2000,3.66,510.1,2026-10-02T21:31:01
baseline,BAAI/bge-base-en-v1.5,btzsc_financialphrasebank,a7ee372426586318,0.43137928215190907,0.39420289855072466,0.6032983234980961,0.6518524907950509,690,3,1.0,1.0,690,4.42,510.1,2026-10-02T21:30:53
block_a,BAAI/bge-base-en-v1.5,btzsc_financialphrasebank,c51f600f465f3038,0.558009668129421,0.6366666666666667,0.7354869262085756,0.6600529100529101,300,3,1.0,1.0,300,5.3,964.5,2026-10-02T21:35:05
block_a,BAAI/bge-base-en-v1.5,btzsc_imdb,e400583e74eabe4e,0.8997817469155049,0.9,0.9035150645624104,0.9,300,2,1.0,1.0,300,37.55,964.5,2026-10-02T21:35:02
block_a,BAAI/bge-base-en-v1.5,btzsc_massive,1d10f9c79037f0ec,0.6721143733855599,0.7166666666666667,0.6726190476190478,0.7073446327683615,300,59,0.9830508474576272,0.9322033898305084,300,4.65,964.5,2026-10-02T21:35:08
baseline,BAAI/bge-base-en-v1.5,btzsc_rottentomatoes,3538b3b0beff5b9b,0.8140225850109964,0.8142589118198874,0.8158644235702028,0.8142589118198874,1066,2,1.0,1.0,1066,11.61,498.4,2026-10-02T21:30:50
block_a,BAAI/bge-base-en-v1.5,btzsc_rottentomatoes,5db8bd56295d0844,0.8266589626205609,0.8266666666666667,0.8267247510668563,0.8266666666666667,300,2,1.0,1.0,300,4.35,964.5,2026-10-02T21:35:03
block_a,BAAI/bge-large-en-v1.5,btzsc_agnews,9ddc9fc2386bf791,0.764252038908608,0.77,0.7798832048208385,0.7699999999999999,300,4,1.0,1.0,300,25.23,1525.1,2026-10-02T21:35:20
block_a,BAAI/bge-large-en-v1.5,btzsc_banking77,7873b06bbdce73cb,0.7219478823645491,0.75,0.7621527777777778,0.7465277777777778,300,72,1.0,0.9444444444444444,300,20.7,2000.7,2026-10-02T21:36:18
block_a,BAAI/bge-large-en-v1.5,btzsc_emotiondair,919c9389c0d6a233,0.4771324837328928,0.49,0.5593366609407414,0.49000000000000005,300,6,1.0,1.0,300,12.37,2000.7,2026-10-02T21:36:07
baseline,BAAI/bge-large-en-v1.5,btzsc_emotiondair,d43eddeb56577ab1,0.4559619633486289,0.5455,0.5042707230971228,0.5007260070862073,2000,6,1.0,1.0,2000,13.04,1398.6,2026-10-02T21:32:06
baseline,BAAI/bge-large-en-v1.5,btzsc_financialphrasebank,93fbb91c6aff9f96,0.4633880801294015,0.4072463768115942,0.6112039422281015,0.6388155493216923,690,3,1.0,1.0,690,14.97,1398.6,2026-10-02T21:31:40
block_a,BAAI/bge-large-en-v1.5,btzsc_financialphrasebank,bab842397d687da4,0.5509697488908792,0.6166666666666667,0.6248073358696713,0.6344797178130511,300,3,1.0,1.0,300,16.26,2000.7,2026-10-02T21:36:03
block_a,BAAI/bge-large-en-v1.5,btzsc_imdb,c9380b554c5fe977,0.9299992222135802,0.93,0.9300191119605316,0.9299999999999999,300,2,1.0,1.0,300,112.94,2000.7,2026-10-02T21:35:54
block_a,BAAI/bge-large-en-v1.5,btzsc_massive,aa03cc9b7b2a8545,0.6545146473112573,0.69,0.6710115684691956,0.6870056497175141,300,59,0.9830508474576272,0.9322033898305084,300,14.32,2000.7,2026-10-02T21:36:12
block_a,BAAI/bge-large-en-v1.5,btzsc_rottentomatoes,46221070ed5d64d4,0.8427023951628198,0.8433333333333334,0.8489317494015087,0.8433333333333333,300,2,1.0,1.0,300,13.08,2000.7,2026-10-02T21:35:58
baseline,BAAI/bge-large-en-v1.5,btzsc_rottentomatoes,db47cb1a57ada76c,0.8233464931520202,0.8245778611632271,0.8338873439355754,0.8245778611632271,1066,2,1.0,1.0,1066,11.69,1381.7,2026-10-02T21:31:30
ru_extension,Qwen/Qwen2.5-1.5B-Instruct,go_emotions_en,e6c25a9088891470,0.08597181296761129,0.13,0.14659980430528377,0.12194650587507727,300,28,1.0,0.35714285714285715,300,287.98,2530.5,2026-10-02T22:24:24
ru_extension,Qwen/Qwen2.5-1.5B-Instruct,go_emotions_ru,d5897619cd818421,0.06643321702573611,0.10333333333333333,0.12535761166391243,0.0954700061842919,300,28,1.0,0.35714285714285715,300,296.17,2530.5,2026-10-02T22:25:53
ru_extension,Qwen/Qwen2.5-1.5B-Instruct,massive_en,5fd81ee27f61caca,0.09847088847980909,0.14,0.112341239247363,0.12824858757062146,300,59,1.0,0.288135593220339,300,658.71,2530.5,2026-10-02T22:16:57
ru_extension,Qwen/Qwen2.5-1.5B-Instruct,massive_ru,50a8161ea429d1c2,0.07908748450495302,0.12,0.09311373902141075,0.10677966101694915,300,59,1.0,0.23728813559322035,300,657.17,2530.5,2026-10-02T22:20:14
ru_extension,Qwen/Qwen2.5-1.5B-Instruct,massive_scenario_en,811f63b4c2cf29c1,0.5304652600054189,0.5233333333333333,0.7019325520710858,0.5224673202614379,300,18,1.0,0.9444444444444444,300,269.05,2530.5,2026-10-02T22:21:35
ru_extension,Qwen/Qwen2.5-1.5B-Instruct,massive_scenario_ru,627e04f2fe68d013,0.49121960316876945,0.4866666666666667,0.6660653413178665,0.48590686274509803,300,18,1.0,0.9444444444444444,300,272.82,2530.5,2026-10-02T22:22:57
ru_extension,Qwen/Qwen2.5-1.5B-Instruct,ru_sentiment,38388babe9c27de5,0.42708930545055274,0.51,0.5732108868895327,0.51,300,3,1.0,1.0,300,301.99,2530.5,2026-10-02T22:13:39
block_b,Vikhrmodels/Vikhr-Qwen-2.5-1.5B-Instruct,btzsc_agnews,de5bdbd4389d5b19,0.6694159420151212,0.7133333333333334,0.7933756989719923,0.7133333333333334,300,4,1.0,1.0,300,108.32,1267.7,2026-10-02T21:45:58
block_b,Vikhrmodels/Vikhr-Qwen-2.5-1.5B-Instruct,btzsc_banking77,6af64a1063125e2d,0.05502188686546228,0.07,0.07811302681992337,0.06874999999999999,300,72,1.0,0.2222222222222222,300,538.95,1632.1,2026-10-02T21:53:10
block_b,Vikhrmodels/Vikhr-Qwen-2.5-1.5B-Instruct,btzsc_emotiondair,10f9fcc723417436,0.22548963404609948,0.2733333333333333,0.38004166541168444,0.2733333333333334,300,6,1.0,0.8333333333333334,300,103.34,1632.1,2026-10-02T21:48:25
block_b,Vikhrmodels/Vikhr-Qwen-2.5-1.5B-Instruct,btzsc_financialphrasebank,d1e79ddc4562cb8b,0.19198706331725543,0.36333333333333334,0.2542372881355932,0.3381834215167548,300,3,1.0,0.6666666666666666,300,104.16,1632.1,2026-10-02T21:47:54
block_b,Vikhrmodels/Vikhr-Qwen-2.5-1.5B-Instruct,btzsc_imdb,41b0f440b04873df,0.6011396011396011,0.65,0.7941176470588236,0.65,300,2,1.0,1.0,300,181.97,1632.1,2026-10-02T21:46:52
block_b,Vikhrmodels/Vikhr-Qwen-2.5-1.5B-Instruct,btzsc_massive,9182a3084e0e69cc,0.05361850955071293,0.06666666666666667,0.06969513537310147,0.0655367231638418,300,59,0.9830508474576272,0.23728813559322035,300,407.74,1632.1,2026-10-02T21:50:28
block_b,Vikhrmodels/Vikhr-Qwen-2.5-1.5B-Instruct,btzsc_rottentomatoes,b668a4a11c6e5529,0.3831864387284151,0.5233333333333333,0.7559726962457338,0.5233333333333333,300,2,1.0,1.0,300,100.09,1632.1,2026-10-02T21:47:23
ru_extension,Vikhrmodels/Vikhr-Qwen-2.5-1.5B-Instruct,go_emotions_en,12d104e08c7f97c0,0.001953125,0.023333333333333334,0.001004016064257028,0.03571428571428571,300,28,1.0,0.10714285714285714,300,184.23,2530.9,2026-10-02T22:10:18
ru_extension,Vikhrmodels/Vikhr-Qwen-2.5-1.5B-Instruct,go_emotions_ru,05504d25f7fc44e9,0.0031519421525910813,0.023333333333333334,0.001674209328485102,0.027210884353741496,300,28,1.0,0.10714285714285714,300,187.05,2530.9,2026-10-02T22:11:14
ru_extension,Vikhrmodels/Vikhr-Qwen-2.5-1.5B-Instruct,massive_en,a03dfa1a4750f4de,0.026115530958145967,0.03666666666666667,0.0625,0.03389830508474576,300,59,1.0,0.13559322033898305,300,424.28,2530.9,2026-10-02T22:05:30
ru_extension,Vikhrmodels/Vikhr-Qwen-2.5-1.5B-Instruct,massive_ru,14badf27152e8869,0.0006712535660345696,0.02,0.00034240712206813905,0.01694915254237288,300,59,1.0,0.05084745762711865,300,425.3,2530.9,2026-10-02T22:07:37
ru_extension,Vikhrmodels/Vikhr-Qwen-2.5-1.5B-Instruct,massive_scenario_en,e3e38e5b5704ea2c,0.15410201307656582,0.17333333333333334,0.3289056754596323,0.17116013071895425,300,18,1.0,0.6666666666666666,300,173.17,2530.9,2026-10-02T22:08:30
ru_extension,Vikhrmodels/Vikhr-Qwen-2.5-1.5B-Instruct,massive_scenario_ru,67b64bdf95a29bf6,0.030346612362649017,0.08666666666666667,0.12131198995605777,0.0849673202614379,300,18,1.0,0.3333333333333333,300,173.64,2530.9,2026-10-02T22:09:22
ru_extension,Vikhrmodels/Vikhr-Qwen-2.5-1.5B-Instruct,ru_sentiment,308a26d99928d2ca,0.42374915775826133,0.49333333333333335,0.6035188372537771,0.49333333333333335,300,3,1.0,1.0,300,249.02,2530.9,2026-10-02T22:03:22
block_b,ai-forever/FRIDA,btzsc_agnews,38c2ff66730c6f9a,0.6172795007601966,0.6333333333333333,0.6788019185265044,0.6333333333333333,300,4,1.0,1.0,300,58.22,3616.5,2026-10-02T21:38:05
block_b,ai-forever/FRIDA,btzsc_banking77,f7c99a09906bd7f3,0.6391812277228944,0.6633333333333333,0.6971545815295815,0.6597222222222222,300,72,1.0,0.9583333333333334,300,46.8,6350.8,2026-10-02T21:40:37
block_b,ai-forever/FRIDA,btzsc_emotiondair,a789de0981d3fb8f,0.5531313638851277,0.5733333333333334,0.6369083780235741,0.5733333333333334,300,6,1.0,1.0,300,28.44,6350.8,2026-10-02T21:40:12
block_b,ai-forever/FRIDA,btzsc_financialphrasebank,2bcb3e97b3f3d464,0.709187595738022,0.7366666666666667,0.8131892527496923,0.7544091710758378,300,3,1.0,1.0,300,41.45,6350.8,2026-10-02T21:40:04
block_b,ai-forever/FRIDA,btzsc_imdb,278863be54cb985d,0.9466571834992887,0.9466666666666667,0.946984522326988,0.9466666666666667,300,2,1.0,1.0,300,323.87,6350.8,2026-10-02T21:39:42
block_b,ai-forever/FRIDA,btzsc_massive,db92ecf67b65eb5b,0.49381999688579953,0.5633333333333334,0.5091841774045164,0.5463276836158192,300,59,0.9830508474576272,0.864406779661017,300,33.84,6350.8,2026-10-02T21:40:23
block_b,ai-forever/FRIDA,btzsc_rottentomatoes,c86eb3db43c3def1,0.8731924360400445,0.8733333333333333,0.875,0.8733333333333333,300,2,1.0,1.0,300,31.14,6350.8,2026-10-02T21:39:51
ru_extension,ai-forever/FRIDA,go_emotions_en,25532d8ae0b26003,0.20318621155383912,0.22666666666666666,0.21869444563495868,0.2252241805813234,300,28,1.0,1.0,300,26.74,6350.8,2026-10-02T22:00:27
ru_extension,ai-forever/FRIDA,go_emotions_ru,56425689879ec4f9,0.1934477119180424,0.22,0.25516051124758593,0.22135899814471238,300,28,1.0,0.9642857142857143,300,29.36,6350.8,2026-10-02T22:00:36
ru_extension,ai-forever/FRIDA,massive_en,6e376fbe7caf9aa8,0.5072948680874902,0.58,0.508537084384542,0.567231638418079,300,59,1.0,0.847457627118644,300,30.42,6350.8,2026-10-02T21:59:58
ru_extension,ai-forever/FRIDA,massive_ru,25979cf2a26aedf1,0.46011476614667046,0.5566666666666666,0.4265137677269702,0.547457627118644,300,59,1.0,0.7457627118644068,300,30.38,6350.8,2026-10-02T22:00:07
ru_extension,ai-forever/FRIDA,massive_scenario_en,1cbc5fcd9a469536,0.5036665770766079,0.57,0.5357029478796721,0.5686274509803921,300,18,1.0,1.0,300,17.4,6350.8,2026-10-02T22:00:13
ru_extension,ai-forever/FRIDA,massive_scenario_ru,cf4c550c53edf83b,0.4953636990751698,0.56,0.5643175158461537,0.5584150326797386,300,18,1.0,1.0,300,18.77,6350.8,2026-10-02T22:00:19
ru_extension,ai-forever/FRIDA,ru_sentiment,b12b6f0c7b779e17,0.5786749580922107,0.61,0.6855157832282459,0.61,300,3,1.0,1.0,300,306.91,6350.8,2026-10-02T21:59:49
ru_extension,ai-forever/ru-en-RoSBERTa,go_emotions_en,6ef1c83f48bb3f05,0.10523141222197167,0.13,0.19816051054652878,0.12387909709338281,300,28,1.0,0.8928571428571429,300,12.01,2265.4,2026-10-02T21:55:21
ru_extension,ai-forever/ru-en-RoSBERTa,go_emotions_ru,8b687e2f88fca181,0.13365990083138027,0.15,0.1930581112226311,0.14363017934446504,300,28,1.0,0.9285714285714286,300,13.2,2265.4,2026-10-02T21:55:26
ru_extension,ai-forever/ru-en-RoSBERTa,massive_en,4ae4b4c78e15b77f,0.3611728801683891,0.41333333333333333,0.37801677156872443,0.40225988700564974,300,59,1.0,0.8983050847457628,300,14.04,2265.4,2026-10-02T21:55:08
ru_extension,ai-forever/ru-en-RoSBERTa,massive_ru,8636f1d4d9283d48,0.33675842479746554,0.3933333333333333,0.3386234911881656,0.38813559322033897,300,59,1.0,0.8305084745762712,300,14.13,2265.4,2026-10-02T21:55:12
ru_extension,ai-forever/ru-en-RoSBERTa,massive_scenario_en,0b872b789b94c6b6,0.3987399210986124,0.48,0.4155481827996448,0.4777369281045751,300,18,1.0,0.9444444444444444,300,7.74,2265.4,2026-10-02T21:55:15
ru_extension,ai-forever/ru-en-RoSBERTa,massive_scenario_ru,671950debb5242ab,0.39178897437338206,0.4533333333333333,0.4388671027559916,0.45057189542483655,300,18,1.0,0.8888888888888888,300,8.31,2265.4,2026-10-02T21:55:18
ru_extension,ai-forever/ru-en-RoSBERTa,ru_sentiment,8f9c8650de40be5d,0.5222428712013393,0.5766666666666667,0.6554526748971193,0.5766666666666667,300,3,1.0,1.0,300,117.26,2265.4,2026-10-02T21:55:04
ru_extension,cointegrated/rubert-tiny2,go_emotions_en,1ffbff7fd835774b,0.09560611053725852,0.12666666666666668,0.12039708479925872,0.14061533704390847,300,28,1.0,0.6785714285714286,300,1.78,1323.5,2026-10-02T21:53:39
ru_extension,cointegrated/rubert-tiny2,go_emotions_ru,789b173d9d65e4fa,0.057578765830033254,0.11666666666666667,0.05288744808268135,0.11495052566481137,300,28,1.0,0.6785714285714286,300,1.3,1323.5,2026-10-02T21:53:40
ru_extension,cointegrated/rubert-tiny2,massive_en,79dda0e39c930440,0.29960487846304085,0.3466666666666667,0.3530453435176765,0.3412429378531074,300,59,1.0,0.6949152542372882,300,1.42,1323.5,2026-10-02T21:53:36
ru_extension,cointegrated/rubert-tiny2,massive_ru,db46227b801249ff,0.22985814776204477,0.29,0.255127589679967,0.2875706214689266,300,59,1.0,0.711864406779661,300,2.4,1323.5,2026-10-02T21:53:36
ru_extension,cointegrated/rubert-tiny2,massive_scenario_en,b6498c37589ba0ba,0.4129581221597019,0.45666666666666667,0.40042513600574176,0.45445261437908496,300,18,1.0,0.8888888888888888,300,1.79,1323.5,2026-10-02T21:53:37
ru_extension,cointegrated/rubert-tiny2,massive_scenario_ru,a18439709a275a8b,0.3965150116070216,0.4533333333333333,0.4598603745866817,0.45200163398692816,300,18,1.0,1.0,300,1.81,1323.5,2026-10-02T21:53:38
ru_extension,cointegrated/rubert-tiny2,ru_sentiment,b8671b4a3e9a4765,0.3832262127539761,0.4166666666666667,0.41320928300094967,0.4166666666666667,300,3,1.0,1.0,300,7.19,1323.5,2026-10-02T21:53:35
block_b,deepvk/USER-bge-m3,btzsc_agnews,2589a35795bd4252,0.7557650718262778,0.7633333333333333,0.7865178647606518,0.7633333333333334,300,4,1.0,1.0,300,24.88,1633.6,2026-10-02T21:41:07
block_b,deepvk/USER-bge-m3,btzsc_banking77,415ebeeeb584e87d,0.6656802302635636,0.68,0.7222903639570306,0.6777777777777777,300,72,1.0,0.9722222222222222,300,21.97,3583.5,2026-10-02T21:42:59
block_b,deepvk/USER-bge-m3,btzsc_emotiondair,75ba8a995ebebeef,0.4894751182097481,0.49666666666666665,0.55507652823263,0.49666666666666676,300,6,1.0,1.0,300,14.43,3583.5,2026-10-02T21:42:47
block_b,deepvk/USER-bge-m3,btzsc_financialphrasebank,2fdd36acae04c095,0.5494402967148059,0.63,0.7221210217755445,0.6547619047619048,300,3,1.0,1.0,300,17.84,3583.5,2026-10-02T21:42:43
block_b,deepvk/USER-bge-m3,btzsc_imdb,e23fbc6fc8477f5b,0.9232915698546986,0.9233333333333333,0.9242572713910293,0.9233333333333333,300,2,1.0,1.0,300,284.17,3583.5,2026-10-02T21:42:32
block_b,deepvk/USER-bge-m3,btzsc_massive,fc7428687c75a23b,0.6144664187037068,0.6633333333333333,0.6276096314231908,0.6440677966101694,300,59,0.9830508474576272,0.9322033898305084,300,16.6,3583.5,2026-10-02T21:42:52
block_b,deepvk/USER-bge-m3,btzsc_rottentomatoes,d108ff88dc2db912,0.8398220244716352,0.84,0.8415178571428572,0.84,300,2,1.0,1.0,300,16.5,3583.5,2026-10-02T21:42:37
ru_extension,deepvk/USER-bge-m3,go_emotions_en,acfdb76173e6c320,0.30558068423077417,0.31,0.3484441623539367,0.3086734693877551,300,28,1.0,1.0,300,13.14,4593.9,2026-10-02T21:57:15
ru_extension,deepvk/USER-bge-m3,go_emotions_ru,4bb17161651dab18,0.2709901101041997,0.27,0.3475607725607725,0.2692099567099567,300,28,1.0,1.0,300,14.93,4593.9,2026-10-02T21:57:19
ru_extension,deepvk/USER-bge-m3,massive_en,ad000a959c78eb8f,0.550034643049021,0.63,0.5367946084047779,0.6152542372881356,300,59,1.0,0.847457627118644,300,13.12,4593.9,2026-10-02T21:57:01
ru_extension,deepvk/USER-bge-m3,massive_ru,512824e146db2204,0.5117056699808445,0.59,0.48547215496368046,0.5762711864406781,300,59,1.0,0.864406779661017,300,13.82,4593.9,2026-10-02T21:57:05
ru_extension,deepvk/USER-bge-m3,massive_scenario_en,1b6b9be253920bfb,0.5399815145076546,0.6066666666666667,0.5835113754458494,0.6041666666666666,300,18,1.0,0.9444444444444444,300,7.78,4593.9,2026-10-02T21:57:08
ru_extension,deepvk/USER-bge-m3,massive_scenario_ru,df441a42a8a5d757,0.5049790668352838,0.56,0.5727346477713657,0.5584150326797386,300,18,1.0,0.9444444444444444,300,8.5,4593.9,2026-10-02T21:57:11
ru_extension,deepvk/USER-bge-m3,ru_sentiment,7177a51382089fe6,0.4653625944633733,0.5333333333333333,0.6236757822123676,0.5333333333333333,300,3,1.0,1.0,300,274.26,4593.9,2026-10-02T21:56:57
block_a,intfloat/e5-base-v2,btzsc_agnews,c172f7a0c89b1e8b,0.799610848567757,0.8033333333333333,0.8200108650496917,0.8033333333333333,300,4,1.0,1.0,300,7.47,605.8,2026-10-02T21:33:10
block_a,intfloat/e5-base-v2,btzsc_banking77,04365d01e1d5eef4,0.6143697805462511,0.6466666666666666,0.6608043576793576,0.6430555555555555,300,72,1.0,0.9166666666666666,300,7.58,964.5,2026-10-02T21:33:30
baseline,intfloat/e5-base-v2,btzsc_emotiondair,432746af77da1ed0,0.440139590606563,0.53,0.4588026441194362,0.46245968456854447,2000,6,1.0,1.0,2000,3.45,512.2,2026-10-02T21:29:14
block_a,intfloat/e5-base-v2,btzsc_emotiondair,9df33ec22eb37130,0.46500000615014203,0.47333333333333333,0.5359287949352952,0.47333333333333333,300,6,1.0,1.0,300,3.95,964.5,2026-10-02T21:33:26
block_a,intfloat/e5-base-v2,btzsc_financialphrasebank,4ebb5bdc3adb0ef8,0.5624338469867921,0.6233333333333333,0.6371768607940688,0.6441798941798941,300,3,1.0,1.0,300,5.48,964.5,2026-10-02T21:33:25
baseline,intfloat/e5-base-v2,btzsc_financialphrasebank,ae7ced9d67a6371e,0.4782915267297869,0.4115942028985507,0.6256081544491248,0.6495343770887192,690,3,1.0,1.0,690,4.12,512.2,2026-10-02T21:29:07
block_a,intfloat/e5-base-v2,btzsc_imdb,5740048a111e6047,0.8960557052005678,0.8966666666666666,0.9062172864230121,0.8966666666666667,300,2,1.0,1.0,300,37.4,964.5,2026-10-02T21:33:22
block_a,intfloat/e5-base-v2,btzsc_massive,9e54ca6c6e2ac9af,0.575476406832339,0.63,0.6201573849878935,0.6231638418079096,300,59,0.9830508474576272,0.9152542372881356,300,4.79,964.5,2026-10-02T21:33:27
block_a,intfloat/e5-base-v2,btzsc_rottentomatoes,69b284fffae4114a,0.776412665432043,0.78,0.7992021276595744,0.78,300,2,1.0,1.0,300,4.43,964.5,2026-10-02T21:33:23
baseline,intfloat/e5-base-v2,btzsc_rottentomatoes,e6279d1f989386a4,0.7773002656161399,0.7833020637898687,0.8175322728276994,0.7833020637898687,1066,2,1.0,1.0,1066,11.46,500.1,2026-10-02T21:29:04
block_a,intfloat/e5-large-v2,btzsc_agnews,c0e659b2b063dae9,0.7824023762105513,0.7833333333333333,0.8209979348137244,0.7833333333333333,300,4,1.0,1.0,300,24.0,1525.9,2026-10-02T21:33:45
block_a,intfloat/e5-large-v2,btzsc_banking77,fd681e94c10f250b,0.6203100140600141,0.6466666666666666,0.6601651434984768,0.6423611111111112,300,72,1.0,0.9444444444444444,300,21.35,2000.7,2026-10-02T21:34:44
block_a,intfloat/e5-large-v2,btzsc_emotiondair,6bbfde52bbb8f5e3,0.4705031054895625,0.4766666666666667,0.504602896291967,0.4766666666666666,300,6,1.0,1.0,300,12.46,2000.7,2026-10-02T21:34:33
baseline,intfloat/e5-large-v2,btzsc_emotiondair,86782c376302ea15,0.4507182455664041,0.51,0.48732171293495613,0.5060450003895999,2000,6,1.0,1.0,2000,11.33,1403.4,2026-10-02T21:30:19
baseline,intfloat/e5-large-v2,btzsc_financialphrasebank,5748defbae316b3c,0.5082073144076819,0.43768115942028984,0.6344816577374717,0.6741231337997062,690,3,1.0,1.0,690,13.63,1403.4,2026-10-02T21:29:56
block_a,intfloat/e5-large-v2,btzsc_financialphrasebank,59efc74d0594aab4,0.6195815483951077,0.6633333333333333,0.7190652484770131,0.6847442680776014,300,3,1.0,1.0,300,16.47,2000.7,2026-10-02T21:34:29
block_a,intfloat/e5-large-v2,btzsc_imdb,bb7c7d9ca2672458,0.9533250355618776,0.9533333333333334,0.9536559331079879,0.9533333333333334,300,2,1.0,1.0,300,115.33,2000.7,2026-10-02T21:34:20
block_a,intfloat/e5-large-v2,btzsc_massive,6529d4e77fcaa356,0.5605716507261301,0.6233333333333333,0.596317806487298,0.6062146892655367,300,59,0.9830508474576272,0.864406779661017,300,14.91,2000.7,2026-10-02T21:34:37
block_a,intfloat/e5-large-v2,btzsc_rottentomatoes,1f7627495ce30173,0.85280342566573,0.8533333333333334,0.858495670995671,0.8533333333333333,300,2,1.0,1.0,300,13.84,2000.7,2026-10-02T21:34:24
baseline,intfloat/e5-large-v2,btzsc_rottentomatoes,e7f90f1764185a71,0.8375908728638548,0.8377110694183865,0.8387137773258769,0.8377110694183865,1066,2,1.0,1.0,1066,10.7,1383.6,2026-10-02T21:29:47
block_b,intfloat/multilingual-e5-base,btzsc_agnews,950ff7dd49bc123c,0.6966202588130298,0.7066666666666667,0.7128474303474304,0.7066666666666668,300,4,1.0,1.0,300,11.68,1265.4,2026-10-02T21:44:04
block_b,intfloat/multilingual-e5-base,btzsc_banking77,d502089874e7e630,0.5789762706429372,0.6166666666666667,0.6201629389129389,0.6104166666666667,300,72,1.0,0.8888888888888888,300,7.43,1606.7,2026-10-02T21:44:32
block_b,intfloat/multilingual-e5-base,btzsc_emotiondair,095fc361802f57d7,0.45625939656673226,0.4633333333333333,0.5108102501965203,0.4633333333333333,300,6,1.0,1.0,300,8.17,1606.7,2026-10-02T21:44:27
block_b,intfloat/multilingual-e5-base,btzsc_financialphrasebank,4ca3fc7696892cc8,0.5297426106769781,0.6033333333333334,0.721597508182874,0.6203703703703703,300,3,1.0,1.0,300,11.35,1606.7,2026-10-02T21:44:24
block_b,intfloat/multilingual-e5-base,btzsc_imdb,b6111090ed164682,0.936649069185885,0.9366666666666666,0.9371523915461624,0.9366666666666668,300,2,1.0,1.0,300,46.31,1606.7,2026-10-02T21:44:18
block_b,intfloat/multilingual-e5-base,btzsc_massive,b35f4730f0a08ab0,0.5540164151265059,0.6066666666666667,0.5885910229130569,0.5903954802259886,300,59,0.9830508474576272,0.9491525423728814,300,6.45,1606.7,2026-10-02T21:44:29
block_b,intfloat/multilingual-e5-base,btzsc_rottentomatoes,ac7ba5a430f7d253,0.8633196652998634,0.8633333333333333,0.8634787248232626,0.8633333333333333,300,2,1.0,1.0,300,8.08,1606.7,2026-10-02T21:44:21
ru_extension,intfloat/multilingual-e5-base,go_emotions_en,f1041dd7ce0efeaa,0.24314832461572058,0.26,0.3612592664184318,0.25815553494124915,300,28,1.0,0.9285714285714286,300,5.52,1606.7,2026-10-02T21:57:58
ru_extension,intfloat/multilingual-e5-base,go_emotions_ru,90b75f079bb2658c,0.20865678650577468,0.23,0.2937707629671915,0.2278525046382189,300,28,1.0,0.9285714285714286,300,6.22,1606.7,2026-10-02T21:58:00
ru_extension,intfloat/multilingual-e5-base,massive_en,a427bac3ab250219,0.5595520559562643,0.63,0.5550907661077152,0.6158192090395479,300,59,1.0,0.8813559322033898,300,12.33,1606.7,2026-10-02T21:57:49
ru_extension,intfloat/multilingual-e5-base,massive_ru,e1206cf5eb301bac,0.48714044900485587,0.5433333333333333,0.5357539463970172,0.5310734463276836,300,59,1.0,0.9152542372881356,300,11.51,1606.7,2026-10-02T21:57:53
ru_extension,intfloat/multilingual-e5-base,massive_scenario_en,aca4b417f22a5d2e,0.5057653116566843,0.56,0.5669592824849755,0.5569852941176472,300,18,1.0,1.0,300,4.69,1606.7,2026-10-02T21:57:55
ru_extension,intfloat/multilingual-e5-base,massive_scenario_ru,669371fc0185918c,0.4463224695983039,0.49666666666666665,0.5309333277470533,0.49550653594771243,300,18,1.0,1.0,300,3.98,1606.7,2026-10-02T21:57:56
ru_extension,intfloat/multilingual-e5-base,ru_sentiment,4031046b1715b414,0.48154643051157714,0.5633333333333334,0.7079610204610205,0.5633333333333334,300,3,1.0,1.0,300,46.72,1606.7,2026-10-02T21:57:45
ru_extension,intfloat/multilingual-e5-small,go_emotions_en,fcddbfd60c422e68,0.23008306574154905,0.25333333333333335,0.3546479848061182,0.24953617810760664,300,28,1.0,1.0,300,2.19,730.8,2026-10-02T22:01:53
ru_extension,intfloat/multilingual-e5-small,go_emotions_ru,a855f0ac546c35dd,0.1511818159338169,0.17333333333333334,0.20294674688057043,0.17084106369820654,300,28,1.0,0.8928571428571429,300,2.31,730.8,2026-10-02T22:01:54
ru_extension,intfloat/multilingual-e5-small,massive_en,08ea146962e1fcdb,0.4884623585704554,0.54,0.5377759716742768,0.5274011299435029,300,59,1.0,0.8983050847457628,300,2.47,730.8,2026-10-02T22:01:50
ru_extension,intfloat/multilingual-e5-small,massive_ru,5b9a2e2e49322aa7,0.34729347780737096,0.3933333333333333,0.39593155819476855,0.38615819209039554,300,59,1.0,0.8135593220338984,300,2.46,730.8,2026-10-02T22:01:51
ru_extension,intfloat/multilingual-e5-small,massive_scenario_en,491625be51b61c87,0.4965060926604052,0.5366666666666666,0.5651674788023892,0.5332924836601306,300,18,1.0,1.0,300,1.97,730.8,2026-10-02T22:01:52
ru_extension,intfloat/multilingual-e5-small,massive_scenario_ru,fe1df3b58d9b611d,0.42690779978854687,0.4533333333333333,0.4822352165456544,0.4503676470588235,300,18,1.0,1.0,300,1.92,730.8,2026-10-02T22:01:52
ru_extension,intfloat/multilingual-e5-small,ru_sentiment,7b0da92d5f19fbd1,0.44464319533153934,0.5266666666666666,0.681756212431059,0.5266666666666667,300,3,1.0,1.0,300,14.97,730.8,2026-10-02T22:01:49
block_a,sentence-transformers/all-MiniLM-L6-v2,btzsc_agnews,c70d46f2aeeadeea,0.6523421971278076,0.6633333333333333,0.657088071300752,0.6633333333333333,300,4,1.0,1.0,300,2.31,185.3,2026-10-02T21:32:59
block_a,sentence-transformers/all-MiniLM-L6-v2,btzsc_banking77,b56b5356f22678d3,0.6193720834071711,0.6433333333333333,0.6603716164404569,0.6388888888888888,300,72,1.0,0.8888888888888888,300,2.79,230.6,2026-10-02T21:33:03
baseline,sentence-transformers/all-MiniLM-L6-v2,btzsc_emotiondair,7ab4031da72fa569,0.34826886215327635,0.375,0.39007744735878846,0.40875522556627214,2000,6,1.0,1.0,2000,1.09,138.9,2026-10-02T21:28:35
block_a,sentence-transformers/all-MiniLM-L6-v2,btzsc_emotiondair,d3febef975888723,0.3958432793999747,0.4033333333333333,0.40795720531322033,0.4033333333333333,300,6,1.0,1.0,300,1.4,230.6,2026-10-02T21:33:02
baseline,sentence-transformers/all-MiniLM-L6-v2,btzsc_financialphrasebank,456aa8c3efbab8f1,0.5048107788456605,0.5144927536231884,0.5057300041425458,0.6018361560732662,690,3,1.0,1.0,690,1.54,138.9,2026-10-02T21:28:33
block_a,sentence-transformers/all-MiniLM-L6-v2,btzsc_financialphrasebank,e4c968cec7f9697f,0.5912893472295097,0.5933333333333334,0.5876114318102008,0.607583774250441,300,3,1.0,1.0,300,1.56,230.6,2026-10-02T21:33:01
block_a,sentence-transformers/all-MiniLM-L6-v2,btzsc_imdb,fe89a8f4dd3ea18f,0.6698564593301435,0.6933333333333334,0.7701863354037267,0.6933333333333334,300,2,1.0,1.0,300,4.1,230.6,2026-10-02T21:33:00
block_a,sentence-transformers/all-MiniLM-L6-v2,btzsc_massive,ad3238dcf92f5192,0.508274125022564,0.58,0.5439553384468638,0.5612994350282486,300,59,0.9830508474576272,0.864406779661017,300,1.63,230.6,2026-10-02T21:33:03
block_a,sentence-transformers/all-MiniLM-L6-v2,btzsc_rottentomatoes,11da89fd8201c55f,0.6765768268963601,0.6766666666666666,0.6768631813125696,0.6766666666666667,300,2,1.0,1.0,300,1.56,230.6,2026-10-02T21:33:01
baseline,sentence-transformers/all-MiniLM-L6-v2,btzsc_rottentomatoes,49d5f2b3ebeb4a19,0.658970189701897,0.6594746716697936,0.6604239256678281,0.6594746716697937,1066,2,1.0,1.0,1066,3.02,130.5,2026-10-02T21:28:32
ru_extension,sergeyzh/BERTA,go_emotions_en,272385ba26038cd5,0.2800435360499924,0.29,0.32979266308116445,0.29162801484230055,300,28,1.0,1.0,300,5.44,1036.5,2026-10-02T22:01:30
ru_extension,sergeyzh/BERTA,go_emotions_ru,fc9e2cbbda373d0d,0.27728821088500283,0.2966666666666667,0.3018124637158635,0.29758039579468154,300,28,1.0,0.9642857142857143,300,6.64,1036.5,2026-10-02T22:01:32
ru_extension,sergeyzh/BERTA,massive_en,afa5bf182e4fee01,0.5445365392392733,0.6133333333333333,0.5628137869663293,0.5988700564971751,300,59,1.0,0.9152542372881356,300,5.97,1036.5,2026-10-02T22:01:24
ru_extension,sergeyzh/BERTA,massive_ru,c644af33931ba943,0.47722257802018514,0.5533333333333333,0.4796860196411543,0.5401129943502825,300,59,1.0,0.8983050847457628,300,6.26,1036.5,2026-10-02T22:01:26
ru_extension,sergeyzh/BERTA,massive_scenario_en,ae353d644808e79d,0.5000250922816823,0.58,0.5559867465504721,0.576593137254902,300,18,1.0,1.0,300,3.8,1036.5,2026-10-02T22:01:27
ru_extension,sergeyzh/BERTA,massive_scenario_ru,753e8ae00a7266d5,0.4800922079811926,0.56,0.5084764180352415,0.556781045751634,300,18,1.0,1.0,300,3.98,1036.5,2026-10-02T22:01:28
ru_extension,sergeyzh/BERTA,ru_sentiment,82376e4770cecec4,0.5893053473263369,0.6133333333333333,0.6549216865006339,0.6133333333333334,300,3,1.0,1.0,300,39.8,1036.5,2026-10-02T22:01:22
block_b,sergeyzh/rubert-mini-frida,btzsc_agnews,3a746449e43a9218,0.6317734580208131,0.6433333333333333,0.6385778641143645,0.6433333333333333,300,4,1.0,1.0,300,9.9,194.8,2026-10-02T21:43:13
block_b,sergeyzh/rubert-mini-frida,btzsc_banking77,0401efd5a0187697,0.5821203170467876,0.6166666666666667,0.637976105684439,0.6097222222222222,300,72,1.0,0.9166666666666666,300,2.08,1061.6,2026-10-02T21:43:27
block_b,sergeyzh/rubert-mini-frida,btzsc_emotiondair,9fabe5ac42f71167,0.4789330973844585,0.49666666666666665,0.5201801403899254,0.49666666666666665,300,6,1.0,1.0,300,1.57,1061.6,2026-10-02T21:43:25
block_b,sergeyzh/rubert-mini-frida,btzsc_financialphrasebank,b954f85a7707de18,0.7453709606584783,0.7633333333333333,0.8051429761872413,0.7773368606701939,300,3,1.0,1.0,300,1.59,1061.6,2026-10-02T21:43:25
block_b,sergeyzh/rubert-mini-frida,btzsc_imdb,5e82f437aad8d7e7,0.8314152130911707,0.8333333333333334,0.8492270441422984,0.8333333333333333,300,2,1.0,1.0,300,34.1,1061.6,2026-10-02T21:43:24
block_b,sergeyzh/rubert-mini-frida,btzsc_massive,f3de9cf6200cfb32,0.5479731881815106,0.5966666666666667,0.5850167723049079,0.585310734463277,300,59,0.9830508474576272,0.9830508474576272,300,1.73,1061.6,2026-10-02T21:43:26
block_b,sergeyzh/rubert-mini-frida,btzsc_rottentomatoes,8b53aea8fd0169c0,0.7358183500351128,0.7366666666666667,0.7397460717662419,0.7366666666666667,300,2,1.0,1.0,300,1.54,1061.6,2026-10-02T21:43:24
ru_extension,sergeyzh/rubert-mini-frida,go_emotions_en,218fa28b223507cf,0.24997533594371427,0.27666666666666667,0.2813270063270063,0.28853586889301175,300,28,1.0,0.9642857142857143,300,1.89,1341.5,2026-10-02T22:00:50
ru_extension,sergeyzh/rubert-mini-frida,go_emotions_ru,53e35a3f1c7f67ef,0.22927727549558455,0.25666666666666665,0.24393731644935904,0.25842609771181196,300,28,1.0,0.9642857142857143,300,1.8,1341.5,2026-10-02T22:00:50
ru_extension,sergeyzh/rubert-mini-frida,massive_en,551ef6bc86dc6c6a,0.5191707981837593,0.5866666666666667,0.5682203389830507,0.5745762711864405,300,59,1.0,0.8813559322033898,300,1.85,1341.5,2026-10-02T22:00:47
ru_extension,sergeyzh/rubert-mini-frida,massive_ru,3cd9d5c976cff90d,0.48493058795304245,0.5533333333333333,0.5068026135822745,0.5451977401129944,300,59,1.0,0.847457627118644,300,2.01,1341.5,2026-10-02T22:00:47
ru_extension,sergeyzh/rubert-mini-frida,massive_scenario_en,d344e15680d24f67,0.5273965319997871,0.5833333333333334,0.5566339516820559,0.5804738562091504,300,18,1.0,1.0,300,1.65,1341.5,2026-10-02T22:00:48
ru_extension,sergeyzh/rubert-mini-frida,massive_scenario_ru,0348dffff1c4fe1b,0.48941548212609765,0.5633333333333334,0.5072706377089414,0.559640522875817,300,18,1.0,1.0,300,1.63,1341.5,2026-10-02T22:00:49
ru_extension,sergeyzh/rubert-mini-frida,ru_sentiment,539046d740e97f00,0.5080040755370624,0.5533333333333333,0.6150455838317109,0.5533333333333333,300,3,1.0,1.0,300,22.62,1341.5,2026-10-02T22:00:46
ru_extension,sergeyzh/rubert-tiny-turbo,go_emotions_en,7baf75d7be830659,0.15621617536186966,0.18,0.22032496557193243,0.19012832405689545,300,28,1.0,0.8571428571428571,300,4.46,1323.5,2026-10-02T21:53:58
ru_extension,sergeyzh/rubert-tiny-turbo,go_emotions_ru,03c801695c25ad9b,0.14573042787198703,0.17,0.17042400801210775,0.16658936301793442,300,28,1.0,0.8928571428571429,300,2.6,1323.5,2026-10-02T21:53:59
ru_extension,sergeyzh/rubert-tiny-turbo,massive_en,e22d89c9671cf616,0.4115290854452318,0.45,0.4601489141743379,0.44406779661016954,300,59,1.0,0.864406779661017,300,4.91,1323.5,2026-10-02T21:53:53
ru_extension,sergeyzh/rubert-tiny-turbo,massive_ru,b430d6e7db81d60a,0.32090851709495777,0.36666666666666664,0.3389431462580437,0.3680790960451978,300,59,1.0,0.7966101694915254,300,4.42,1323.5,2026-10-02T21:53:54
ru_extension,sergeyzh/rubert-tiny-turbo,massive_scenario_en,9702fdde2e75ea75,0.4222691535607008,0.44666666666666666,0.4624500415973583,0.44281045751633985,300,18,1.0,1.0,300,4.09,1323.5,2026-10-02T21:53:56
ru_extension,sergeyzh/rubert-tiny-turbo,massive_scenario_ru,8bdc62387be86bc0,0.3633380845278191,0.41333333333333333,0.4187308649318453,0.4101307189542484,300,18,1.0,1.0,300,2.75,1323.5,2026-10-02T21:53:57
ru_extension,sergeyzh/rubert-tiny-turbo,ru_sentiment,a0d31f5ec62ca971,0.32661878509880377,0.42,0.5670838823012736,0.42,300,3,1.0,1.0,300,15.69,1323.5,2026-10-02T21:53:51
