run_id,run_key,model_id,revision,role,dataset_key,hf_id,config,split,language,n_samples,n_classes,macro_f1,accuracy,macro_precision,macro_recall,gold_class_coverage,pred_class_coverage,ms_per_example,load_seconds,peak_vram_mb,device,dtype,batch_size,status,reason,timestamp
run1,3f8741c12c870de5,sentence-transformers/all-MiniLM-L6-v2,1110a243fdf4706b3f48f1d95db1a4f5529b4d41,encoder,btzsc_agnews,btzsc/btzsc,agnews,test,en,7600,4,0.6929264656030873,0.7023684210526315,0.6986253860722963,0.7023684210526315,1.0,1.0,2.88,2.1,129.3,cuda,,8,OK,,2026-09-29T20:12:55
run1,ded85b57f05f542f,sentence-transformers/all-MiniLM-L6-v2,1110a243fdf4706b3f48f1d95db1a4f5529b4d41,encoder,btzsc_imdb,btzsc/btzsc,imdb,test,en,10000,2,0.6477653902662546,0.6675,0.7158804382731194,0.6675,1.0,1.0,4.25,2.1,129.3,cuda,,8,OK,,2026-09-29T20:13:38
run1,badc817e36766724,intfloat/e5-base-v2,f52bf8ec8c7124536f0efb74aca902b2995e5bcd,encoder,btzsc_agnews,btzsc/btzsc,agnews,test,en,7600,4,0.8051335986134668,0.8088157894736843,0.8160923553362602,0.8088157894736843,1.0,1.0,6.72,4.7,494.3,cuda,,8,OK,,2026-09-29T20:14:34
run1,de361d8394916f63,intfloat/e5-base-v2,f52bf8ec8c7124536f0efb74aca902b2995e5bcd,encoder,btzsc_imdb,btzsc/btzsc,imdb,test,en,10000,2,0.8808613580804132,0.8817,0.892758848042929,0.8816999999999999,1.0,1.0,18.61,4.7,494.3,cuda,,8,OK,,2026-09-29T20:17:41
run1,af3fa5d5ab73aa14,intfloat/e5-large-v2,f169b11e22de13617baa190a028a32f3493550b6,encoder,btzsc_agnews,btzsc/btzsc,agnews,test,en,7600,4,0.7983804562619342,0.8021052631578948,0.8183631173813457,0.8021052631578948,1.0,1.0,21.45,93.9,1378.8,cuda,,8,OK,,2026-09-29T20:21:58
run1,4cb5c32827d7c4ad,intfloat/e5-large-v2,f169b11e22de13617baa190a028a32f3493550b6,encoder,btzsc_imdb,btzsc/btzsc,imdb,test,en,10000,2,0.9261335201681513,0.9262,0.9277398635086311,0.9262,1.0,1.0,63.08,93.9,1378.8,cuda,,8,OK,,2026-09-29T20:32:29
run1,a3ff003535456a69,BAAI/bge-base-en-v1.5,a5beb1e3e68b9ab74eb54cfd186867f64f240e1a,encoder,btzsc_agnews,btzsc/btzsc,agnews,test,en,7600,4,0.639168947767178,0.6547368421052632,0.6855426689920491,0.6547368421052632,1.0,1.0,7.14,18.1,493.9,cuda,,8,OK,,2026-09-29T20:33:43
run1,7ac8d4fd20970891,BAAI/bge-base-en-v1.5,a5beb1e3e68b9ab74eb54cfd186867f64f240e1a,encoder,btzsc_imdb,btzsc/btzsc,imdb,test,en,10000,2,0.8871268130255657,0.8875,0.8926933698158142,0.8875,1.0,1.0,19.63,18.1,494.2,cuda,,8,OK,,2026-09-29T20:36:59
run1,21f927183dcea820,sentence-transformers/all-MiniLM-L6-v2,1110a243fdf4706b3f48f1d95db1a4f5529b4d41,encoder,btzsc_agnews,btzsc/btzsc,agnews,test,en,7600,4,0.6929264656030873,0.7023684210526315,0.6986253860722963,0.7023684210526315,1.0,1.0,2.97,2.5,129.9,cuda,,8,OK,,2026-09-30T15:00:22
run1,5260d82269c6aeb3,sentence-transformers/all-MiniLM-L6-v2,1110a243fdf4706b3f48f1d95db1a4f5529b4d41,encoder,btzsc_imdb,btzsc/btzsc,imdb,test,en,10000,2,0.6477653902662546,0.6675,0.7158804382731194,0.6675,1.0,1.0,4.72,2.5,130.9,cuda,,8,OK,,2026-09-30T15:01:09
run1,ccacae0ad67828e4,sentence-transformers/all-MiniLM-L6-v2,1110a243fdf4706b3f48f1d95db1a4f5529b4d41,encoder,btzsc_rottentomatoes,btzsc/btzsc,rottentomatoes,test,en,1066,2,0.658970189701897,0.6594746716697936,0.6604239256678281,0.6594746716697937,1.0,1.0,2.68,2.5,130.9,cuda,,8,OK,,2026-09-30T15:01:13
run1,c8adcab09597e7d9,sentence-transformers/all-MiniLM-L6-v2,1110a243fdf4706b3f48f1d95db1a4f5529b4d41,encoder,btzsc_financialphrasebank,btzsc/btzsc,financialphrasebank,test,en,690,3,0.5048107788456605,0.5144927536231884,0.5057300041425458,0.6018361560732662,1.0,1.0,2.96,2.5,130.9,cuda,,8,OK,,2026-09-30T15:01:15
run1,3adab56428f5bdd1,intfloat/e5-base-v2,f52bf8ec8c7124536f0efb74aca902b2995e5bcd,encoder,btzsc_agnews,btzsc/btzsc,agnews,test,en,7600,4,0.8051335986134668,0.8088157894736843,0.8160923553362602,0.8088157894736843,1.0,1.0,7.51,4.8,495.7,cuda,,8,OK,,2026-09-30T15:02:18
run1,86bf9db733e4335b,intfloat/e5-base-v2,f52bf8ec8c7124536f0efb74aca902b2995e5bcd,encoder,btzsc_imdb,btzsc/btzsc,imdb,test,en,10000,2,0.8808613580804132,0.8817,0.892758848042929,0.8816999999999999,1.0,1.0,19.19,4.8,495.7,cuda,,8,OK,,2026-09-30T15:05:30
run1,26410d060b64c634,intfloat/e5-base-v2,f52bf8ec8c7124536f0efb74aca902b2995e5bcd,encoder,btzsc_rottentomatoes,btzsc/btzsc,rottentomatoes,test,en,1066,2,0.7773002656161399,0.7833020637898687,0.8175322728276994,0.7833020637898687,1.0,1.0,5.06,4.8,495.7,cuda,,8,OK,,2026-09-30T15:05:36
run1,5539d941ba8b6689,intfloat/e5-base-v2,f52bf8ec8c7124536f0efb74aca902b2995e5bcd,encoder,btzsc_financialphrasebank,btzsc/btzsc,financialphrasebank,test,en,690,3,0.4782915267297869,0.4115942028985507,0.6256081544491248,0.6495343770887192,1.0,1.0,5.85,4.8,495.7,cuda,,8,OK,,2026-09-30T15:05:41
run1,8b3fab41d5a378dc,intfloat/e5-large-v2,f169b11e22de13617baa190a028a32f3493550b6,encoder,btzsc_agnews,btzsc/btzsc,agnews,test,en,7600,4,0.7983804562619342,0.8021052631578948,0.8183631173813457,0.8021052631578948,1.0,1.0,23.03,60.7,1377.4,cuda,,8,OK,,2026-09-30T15:09:37
run1,2589e10d6bb2fc14,intfloat/e5-large-v2,f169b11e22de13617baa190a028a32f3493550b6,encoder,btzsc_imdb,btzsc/btzsc,imdb,test,en,10000,2,0.9261335201681513,0.9262,0.9277398635086311,0.9262,1.0,1.0,62.18,60.7,1377.4,cuda,,8,OK,,2026-09-30T15:20:00
run1,085c3aff2aae0984,intfloat/e5-large-v2,f169b11e22de13617baa190a028a32f3493550b6,encoder,btzsc_rottentomatoes,btzsc/btzsc,rottentomatoes,test,en,1066,2,0.8375908728638548,0.8377110694183865,0.8387137773258769,0.8377110694183865,1.0,1.0,14.73,60.7,1377.4,cuda,,8,OK,,2026-09-30T15:20:16
run1,2d691d36601de564,intfloat/e5-large-v2,f169b11e22de13617baa190a028a32f3493550b6,encoder,btzsc_financialphrasebank,btzsc/btzsc,financialphrasebank,test,en,690,3,0.5082073144076819,0.43768115942028984,0.6344816577374717,0.6741231337997062,1.0,1.0,17.52,60.7,1377.4,cuda,,8,OK,,2026-09-30T15:20:28
run1,875657f322ecce30,BAAI/bge-base-en-v1.5,a5beb1e3e68b9ab74eb54cfd186867f64f240e1a,encoder,btzsc_agnews,btzsc/btzsc,agnews,test,en,7600,4,0.639168947767178,0.6547368421052632,0.6855426689920491,0.6547368421052632,1.0,1.0,7.31,5.7,495.3,cuda,,8,OK,,2026-09-30T15:21:31
run1,533ed5183e0040a3,BAAI/bge-base-en-v1.5,a5beb1e3e68b9ab74eb54cfd186867f64f240e1a,encoder,btzsc_imdb,btzsc/btzsc,imdb,test,en,10000,2,0.8871268130255657,0.8875,0.8926933698158142,0.8875,1.0,1.0,19.12,5.7,495.5,cuda,,8,OK,,2026-09-30T15:24:43
run1,a5814bbe88624baa,BAAI/bge-base-en-v1.5,a5beb1e3e68b9ab74eb54cfd186867f64f240e1a,encoder,btzsc_rottentomatoes,btzsc/btzsc,rottentomatoes,test,en,1066,2,0.8140225850109964,0.8142589118198874,0.8158644235702028,0.8142589118198874,1.0,1.0,5.5,5.7,495.5,cuda,,8,OK,,2026-09-30T15:24:49
run1,778716432d8b3915,BAAI/bge-base-en-v1.5,a5beb1e3e68b9ab74eb54cfd186867f64f240e1a,encoder,btzsc_financialphrasebank,btzsc/btzsc,financialphrasebank,test,en,690,3,0.43137928215190907,0.39420289855072466,0.6032983234980961,0.6518524907950509,1.0,1.0,6.13,5.7,495.5,cuda,,8,OK,,2026-09-30T15:24:54
run1,1a724a4d86fa4614,BAAI/bge-large-en-v1.5,d4aa6901d3a41ba39fb536a557fa166f842b0e09,encoder,btzsc_agnews,btzsc/btzsc,agnews,test,en,7600,4,0.7693763849711287,0.7748684210526315,0.7760450113143957,0.7748684210526315,1.0,1.0,22.55,94.8,1377.4,cuda,,8,OK,,2026-09-30T15:29:22
run1,3ca6ebc4b0581c18,BAAI/bge-large-en-v1.5,d4aa6901d3a41ba39fb536a557fa166f842b0e09,encoder,btzsc_imdb,btzsc/btzsc,imdb,test,en,10000,2,0.923399751815196,0.9234,0.9234054873351158,0.9234,1.0,1.0,61.76,94.8,1377.4,cuda,,8,OK,,2026-09-30T15:39:40
run1,8d9d19b1693f3714,BAAI/bge-large-en-v1.5,d4aa6901d3a41ba39fb536a557fa166f842b0e09,encoder,btzsc_rottentomatoes,btzsc/btzsc,rottentomatoes,test,en,1066,2,0.8233464931520202,0.8245778611632271,0.8338873439355754,0.8245778611632271,1.0,1.0,14.3,94.8,1377.4,cuda,,8,OK,,2026-09-30T15:39:57
run1,3e546c37ee4f76cb,BAAI/bge-large-en-v1.5,d4aa6901d3a41ba39fb536a557fa166f842b0e09,encoder,btzsc_financialphrasebank,btzsc/btzsc,financialphrasebank,test,en,690,3,0.4633880801294015,0.4072463768115942,0.6112039422281015,0.6388155493216923,1.0,1.0,17.49,94.8,1377.4,cuda,,8,OK,,2026-09-30T15:40:09
