run_id,stage,model_id,revision,dataset_key,split,epoch,n_train,n_eval,macro_f1,accuracy,macro_precision,macro_recall,train_seconds,device,status,reason
,dev,cointegrated/rubert-tiny2,e8ed3b0c8bbf4fb6984c3de043bf7d2f4e5969ae,ru_sentiment,train[dev],1,1800,200,0.27550212032247545,0.585,0.3299145299145299,0.3467199327165686,6.2,cuda,OK,
,dev,cointegrated/rubert-tiny2,e8ed3b0c8bbf4fb6984c3de043bf7d2f4e5969ae,ru_sentiment,train[dev],2,1800,200,0.5735435994275447,0.67,0.6158229020274318,0.5554599331077513,11.8,cuda,OK,
,heldout,cointegrated/rubert-tiny2,e8ed3b0c8bbf4fb6984c3de043bf7d2f4e5969ae,ru_sentiment,validation,2,1800,21098,0.6040293825197915,0.6475969286188265,0.6506931569021518,0.5912476228417094,42.3,cuda,OK,
,dev,cointegrated/rubert-tiny2,e8ed3b0c8bbf4fb6984c3de043bf7d2f4e5969ae,ru_sentiment,train[dev],1,1800,200,0.27550212032247545,0.585,0.3299145299145299,0.3467199327165686,6.2,cuda,OK,
,dev,cointegrated/rubert-tiny2,e8ed3b0c8bbf4fb6984c3de043bf7d2f4e5969ae,ru_sentiment,train[dev],2,1800,200,0.5735435994275447,0.67,0.6158229020274318,0.5554599331077513,12.4,cuda,OK,
,heldout,cointegrated/rubert-tiny2,e8ed3b0c8bbf4fb6984c3de043bf7d2f4e5969ae,ru_sentiment,validation,2,1800,21098,0.6040293825197915,0.6475969286188265,0.6506931569021518,0.5912476228417094,42.6,cuda,OK,
,dev,cointegrated/rubert-tiny2,e8ed3b0c8bbf4fb6984c3de043bf7d2f4e5969ae,ru_sentiment,train[dev],1,1800,200,0.27550212032247545,0.585,0.3299145299145299,0.3467199327165686,6.5,cuda,OK,
,dev,cointegrated/rubert-tiny2,e8ed3b0c8bbf4fb6984c3de043bf7d2f4e5969ae,ru_sentiment,train[dev],2,1800,200,0.5735435994275447,0.67,0.6158229020274318,0.5554599331077513,12.2,cuda,OK,
,heldout,cointegrated/rubert-tiny2,e8ed3b0c8bbf4fb6984c3de043bf7d2f4e5969ae,ru_sentiment,validation,2,1800,21098,0.6040293825197915,0.6475969286188265,0.6506931569021518,0.5912476228417094,42.6,cuda,OK,
,dev,cointegrated/rubert-tiny2,e8ed3b0c8bbf4fb6984c3de043bf7d2f4e5969ae,ru_sentiment,train[dev],1,1800,200,0.27550212032247545,0.585,0.3299145299145299,0.3467199327165686,6.3,cuda,OK,
,dev,cointegrated/rubert-tiny2,e8ed3b0c8bbf4fb6984c3de043bf7d2f4e5969ae,ru_sentiment,train[dev],2,1800,200,0.5735435994275447,0.67,0.6158229020274318,0.5554599331077513,12.6,cuda,OK,
,heldout,cointegrated/rubert-tiny2,e8ed3b0c8bbf4fb6984c3de043bf7d2f4e5969ae,ru_sentiment,validation,2,1800,21098,0.6040293825197915,0.6475969286188265,0.6506931569021518,0.5912476228417094,44.7,cuda,OK,
,dev,cointegrated/rubert-tiny2,e8ed3b0c8bbf4fb6984c3de043bf7d2f4e5969ae,ru_sentiment,train[dev],1,1800,200,0.27550212032247545,0.585,0.3299145299145299,0.3467199327165686,5.6,cuda,OK,
,dev,cointegrated/rubert-tiny2,e8ed3b0c8bbf4fb6984c3de043bf7d2f4e5969ae,ru_sentiment,train[dev],2,1800,200,0.5735435994275447,0.67,0.6158229020274318,0.5554599331077513,11.2,cuda,OK,
,heldout,cointegrated/rubert-tiny2,e8ed3b0c8bbf4fb6984c3de043bf7d2f4e5969ae,ru_sentiment,validation,2,1800,21098,0.6040293825197915,0.6475969286188265,0.6506931569021518,0.5912476228417094,41.9,cuda,OK,
