model_id,n_ok,n_total,mean_macro_f1,mean_accuracy,mean_ms_per_example
Qwen/Qwen2.5-1.5B-Instruct,43,61,0.5252191864304586,0.5624806201550387,219.3553488372093
Vikhrmodels/Vikhr-Qwen-2.5-1.5B-Instruct,43,61,0.34736850444495565,0.39496124031007757,143.14976744186046
ai-forever/ru-en-RoSBERTa,61,61,0.4373671577460031,0.5321311475409837,38.03901639344262
cointegrated/rubert-tiny2,61,61,0.3121955723844829,0.3819672131147541,10.208360655737705
deepvk/USER-bge-m3,61,61,0.5090978769294133,0.6108743169398907,38.26065573770492
intfloat/multilingual-e5-base,61,61,0.47617531422994525,0.5848633879781421,16.408688524590165
intfloat/multilingual-e5-small,46,46,0.44730689539435553,0.5339130434782609,14.084782608695651
sergeyzh/BERTA,46,46,0.48115072455942254,0.5790579710144927,15.70195652173913
sergeyzh/rubert-mini-frida,46,46,0.4559921895575668,0.5458695652173913,10.361304347826087
sergeyzh/rubert-tiny-turbo,61,61,0.3303879120912942,0.4208743169398907,6.990819672131147
